index,target
16834,0.0
15437,0.0
8549,0.0
7222,0.0
17054,0.0
11377,0.0
7631,0.0
14569,1.0
10441,0.0
4487,0.0
14165,1.0
13723,0.0
10842,1.0
8384,0.0
17392,0.0
12306,0.0
14220,0.0
1559,0.0
477,0.0
1466,0.0
1573,0.0
3004,0.0
17063,0.0
396,0.0
2960,0.0
12862,1.0
8887,0.0
5104,0.0
13641,0.0
14632,0.0
2302,0.0
18651,0.0
12299,0.0
18513,0.0
5658,0.0
16147,1.0
13334,0.0
12826,0.0
6617,0.0
916,0.0
17252,0.0
15348,0.0
1942,0.0
7088,0.0
6820,0.0
6015,1.0
5665,0.0
16916,1.0
4322,0.0
6742,0.0
12516,0.0
10824,0.0
10531,0.0
7054,0.0
14703,0.0
12657,0.0
1319,0.0
17315,0.0
10127,0.0
1341,0.0
15427,1.0
16687,0.0
5949,0.0
9591,0.0
6106,0.0
5442,0.0
5149,1.0
15383,0.0
10635,0.0
19043,0.0
14826,0.0
4087,0.0
9747,0.0
3646,1.0
11918,0.0
1426,0.0
11154,0.0
5347,0.0
12258,0.0
10539,0.0
6360,0.0
3006,0.0
16267,0.0
7277,0.0
2843,0.0
11557,0.0
9398,0.0
10236,0.0
5409,0.0
12610,0.0
8527,1.0
5228,1.0
12086,0.0
353,0.0
12375,1.0
7875,0.0
6885,0.0
2716,0.0
1480,0.0
19012,0.0
13032,1.0
13234,0.0
13235,0.0
12026,0.0
1498,0.0
593,0.0
10565,0.0
8086,0.0
3649,0.0
13213,0.0
14629,1.0
17972,1.0
17611,0.0
16724,0.0
2967,1.0
7662,0.0
1594,0.0
13039,0.0
18483,0.0
3659,1.0
1198,0.0
3550,0.0
2414,1.0
8883,0.0
428,0.0
17595,0.0
3196,0.0
11657,1.0
16207,0.0
18577,0.0
1920,0.0
5888,0.0
6533,0.0
13072,0.0
16027,0.0
10874,0.0
2602,0.0
9382,0.0
9017,0.0
14179,0.0
6701,0.0
17506,1.0
16543,0.0
13190,0.0
9175,0.0
17907,0.0
15727,0.0
4955,0.0
8018,0.0
7862,0.0
6049,1.0
14636,1.0
15100,0.0
17168,0.0
1984,0.0
6948,0.0
13044,1.0
15605,0.0
10994,1.0
8579,0.0
2778,0.0
16693,0.0
3826,1.0
13353,0.0
3948,0.0
9108,0.0
17843,0.0
9686,0.0
16176,1.0
3173,0.0
13220,0.0
7677,0.0
16107,0.0
8054,0.0
9251,0.0
8915,0.0
8313,0.0
8956,0.0
15380,0.0
15873,0.0
1669,0.0
12627,1.0
17368,1.0
16333,1.0
5865,0.0
7713,1.0
6075,0.0
18633,0.0
686,0.0
13635,0.0
2376,0.0
4153,0.0
2719,0.0
7042,1.0
12459,0.0
16325,1.0
7465,0.0
12395,0.0
1034,1.0
3204,0.0
9198,0.0
9225,1.0
13469,0.0
2143,0.0
11840,0.0
13622,1.0
8328,0.0
5726,0.0
8879,0.0
3830,1.0
7281,1.0
13401,0.0
11500,0.0
15824,0.0
10690,0.0
3626,0.0
17752,0.0
15367,0.0
14504,0.0
9030,1.0
15010,0.0
7812,0.0
2633,0.0
162,0.0
15786,0.0
9798,0.0
5741,0.0
771,0.0
14741,0.0
2221,1.0
13722,0.0
8532,0.0
2697,0.0
7564,0.0
3751,0.0
17499,0.0
4138,0.0
3101,1.0
6785,0.0
1353,0.0
18086,1.0
6595,0.0
14076,0.0
8110,0.0
2259,0.0
892,0.0
10009,0.0
6353,0.0
11288,0.0
9520,0.0
18188,0.0
5327,0.0
14496,1.0
6278,0.0
17984,0.0
1602,0.0
7994,1.0
5218,0.0
444,0.0
578,0.0
13163,0.0
14540,0.0
14050,1.0
19109,1.0
17080,0.0
5543,0.0
472,1.0
13964,0.0
10434,0.0
17685,0.0
17020,0.0
13445,1.0
7756,0.0
1750,0.0
13611,0.0
11782,0.0
8849,0.0
3076,1.0
17303,0.0
11579,0.0
6110,0.0
18670,0.0
12536,0.0
16731,0.0
9493,1.0
15981,0.0
4077,0.0
5220,0.0
5719,1.0
7850,0.0
10153,0.0
4685,0.0
2487,0.0
4972,1.0
8507,1.0
8381,0.0
8677,0.0
3337,0.0
14118,0.0
17667,1.0
16213,0.0
7116,1.0
7245,0.0
14527,0.0
10376,0.0
3100,0.0
10083,0.0
13928,0.0
2342,0.0
226,0.0
13585,1.0
1470,0.0
11261,0.0
15287,0.0
13455,0.0
5432,0.0
14784,0.0
10796,0.0
6966,0.0
1080,0.0
12726,1.0
9927,0.0
9630,1.0
6940,0.0
15717,0.0
11858,0.0
2438,0.0
17508,1.0
12734,1.0
15812,0.0
2839,1.0
1369,1.0
13113,0.0
16718,0.0
12472,1.0
9606,0.0
15336,0.0
208,0.0
15337,0.0
9414,1.0
11080,0.0
14958,0.0
7102,0.0
10428,0.0
6271,0.0
6279,0.0
8791,0.0
10246,0.0
5324,0.0
13161,0.0
1622,0.0
4069,0.0
16564,1.0
12797,0.0
9326,0.0
12811,0.0
9900,0.0
16374,1.0
16671,0.0
15274,0.0
12662,0.0
18855,0.0
763,0.0
18306,0.0
3357,0.0
8160,0.0
4292,1.0
1229,0.0
2483,0.0
534,0.0
13312,0.0
17059,0.0
13640,0.0
9683,1.0
9893,1.0
13009,0.0
319,0.0
16551,0.0
14246,0.0
5739,0.0
18163,0.0
5148,1.0
16892,1.0
16433,0.0
12611,0.0
11674,0.0
4934,0.0
16191,0.0
13347,1.0
8899,0.0
1017,0.0
15612,0.0
9006,0.0
15187,0.0
13359,0.0
1284,0.0
1243,0.0
5405,0.0
445,1.0
8546,0.0
18158,0.0
9239,0.0
3012,0.0
11398,0.0
9438,0.0
5747,0.0
18307,0.0
10004,0.0
16068,0.0
10095,0.0
4755,0.0
3262,0.0
13885,0.0
8588,0.0
9471,0.0
6043,0.0
11155,0.0
11642,1.0
4387,0.0
10023,0.0
16820,0.0
6571,0.0
3032,0.0
10449,1.0
16603,0.0
12573,0.0
18843,0.0
14074,0.0
8435,1.0
16891,0.0
15956,0.0
6809,0.0
18217,0.0
18476,0.0
15424,0.0
7267,0.0
15683,0.0
7406,0.0
17615,1.0
11921,0.0
11327,1.0
15251,0.0
5514,0.0
2822,0.0
4112,0.0
8058,0.0
14708,0.0
12868,0.0
18300,0.0
2271,1.0
12728,0.0
5828,0.0
9944,1.0
3815,0.0
14424,0.0
3732,1.0
12036,1.0
13340,0.0
14794,0.0
3879,0.0
1121,0.0
17486,0.0
3658,0.0
10541,0.0
10933,0.0
12979,0.0
13558,0.0
7541,0.0
370,0.0
11201,1.0
2497,0.0
16899,0.0
2973,0.0
14055,0.0
11085,0.0
9840,0.0
12352,1.0
17497,0.0
2827,0.0
12864,0.0
5099,0.0
3534,0.0
5331,1.0
12357,0.0
6062,0.0
6888,0.0
7536,1.0
3932,0.0
18749,0.0
16713,0.0
6265,0.0
12241,0.0
2304,0.0
4146,1.0
1734,1.0
17248,1.0
8958,0.0
1431,0.0
9877,0.0
7584,0.0
13947,0.0
3744,0.0
4832,0.0
2344,0.0
6660,0.0
7390,0.0
6919,0.0
8161,0.0
19010,0.0
9846,1.0
10186,0.0
1725,0.0
14016,0.0
5277,0.0
15135,0.0
2375,0.0
783,0.0
357,0.0
10767,0.0
15828,0.0
15293,0.0
1436,0.0
16037,0.0
432,1.0
11919,0.0
3918,1.0
12750,1.0
16440,0.0
6979,1.0
6743,0.0
7526,0.0
8357,1.0
15129,0.0
3040,0.0
5325,1.0
4002,0.0
9368,0.0
13937,0.0
3122,1.0
17985,0.0
4054,0.0
8861,0.0
12094,0.0
436,0.0
9358,0.0
1073,1.0
18876,1.0
11260,1.0
19024,0.0
3398,0.0
6019,0.0
7365,0.0
14800,0.0
379,0.0
9170,0.0
14456,1.0
7808,0.0
1664,0.0
18955,0.0
11743,0.0
6322,0.0
18747,0.0
169,0.0
15272,1.0
2285,0.0
4801,0.0
6191,0.0
12994,1.0
7834,0.0
4799,0.0
10666,0.0
8247,1.0
8059,0.0
14774,0.0
6486,0.0
18022,0.0
9617,1.0
1587,0.0
14751,0.0
8423,0.0
8874,0.0
3017,0.0
8269,0.0
19052,1.0
10995,0.0
3203,0.0
2266,0.0
14475,0.0
267,0.0
10041,0.0
5291,0.0
13331,0.0
3153,0.0
15405,0.0
16991,0.0
3142,1.0
10621,0.0
13859,0.0
13344,1.0
3277,0.0
9536,0.0
8121,0.0
1322,0.0
11063,0.0
14403,0.0
14200,0.0
13223,0.0
1625,0.0
1990,0.0
4296,0.0
551,0.0
11965,0.0
17465,0.0
13825,0.0
14266,0.0
295,0.0
10288,0.0
987,1.0
262,0.0
16791,0.0
16145,0.0
4466,0.0
2890,0.0
5174,0.0
15322,1.0
8954,0.0
1512,0.0
1469,0.0
11530,0.0
13651,0.0
4285,0.0
10720,0.0
2565,0.0
702,0.0
2569,1.0
16344,0.0
13390,0.0
11319,0.0
18168,1.0
9938,0.0
18107,0.0
8561,0.0
18327,0.0
17384,0.0
12767,0.0
9463,0.0
11679,0.0
8744,0.0
8182,0.0
4672,1.0
5464,0.0
18003,0.0
382,0.0
4951,0.0
3466,1.0
15765,0.0
7213,0.0
14702,0.0
13542,0.0
11355,0.0
14268,0.0
7587,0.0
1879,0.0
9790,0.0
5178,0.0
14070,0.0
13099,0.0
12539,0.0
1233,0.0
7737,0.0
4283,1.0
4498,0.0
12480,0.0
18370,0.0
2858,0.0
5474,0.0
15020,1.0
11452,1.0
16907,0.0
14176,0.0
7760,1.0
2566,0.0
3391,0.0
11037,0.0
15397,0.0
329,0.0
14361,0.0
6912,0.0
18270,0.0
3380,0.0
10169,0.0
2404,1.0
2422,0.0
2234,0.0
18917,0.0
11791,0.0
1522,0.0
2576,0.0
1128,0.0
14495,0.0
978,0.0
6824,0.0
913,0.0
5153,0.0
682,0.0
17207,0.0
15203,0.0
16308,0.0
4834,0.0
3683,0.0
7542,0.0
1833,0.0
13106,1.0
2183,0.0
17404,0.0
6196,0.0
8393,1.0
18087,0.0
14517,0.0
7485,0.0
7914,0.0
14839,0.0
13280,0.0
13435,0.0
7345,1.0
16697,0.0
10074,0.0
14128,0.0
15116,0.0
13016,0.0
17376,0.0
2270,0.0
3023,0.0
10598,0.0
18588,1.0
9110,0.0
2173,0.0
13294,0.0
1743,0.0
7266,0.0
11529,0.0
16227,0.0
8855,1.0
11847,1.0
16326,0.0
11768,0.0
265,1.0
7924,0.0
10301,0.0
2131,0.0
1114,0.0
10761,0.0
10378,0.0
7739,0.0
3061,0.0
9413,0.0
14923,0.0
9682,1.0
9371,0.0
6207,1.0
7858,0.0
2535,0.0
8343,0.0
14848,1.0
11745,0.0
1571,1.0
17073,0.0
6847,0.0
9664,0.0
17085,0.0
11706,0.0
9622,0.0
4846,0.0
2446,0.0
8701,0.0
9612,0.0
3963,0.0
16837,1.0
8749,0.0
18281,0.0
11640,0.0
12756,0.0
16276,0.0
14850,0.0
8556,0.0
14034,0.0
8348,0.0
14878,0.0
6334,0.0
5901,0.0
4092,0.0
2387,1.0
13606,0.0
7093,0.0
6563,0.0
2110,0.0
12044,0.0
18014,1.0
15417,0.0
2933,0.0
7521,1.0
12096,0.0
10978,0.0
9151,0.0
781,0.0
11779,1.0
17161,0.0
4591,0.0
15543,0.0
4272,0.0
3770,0.0
7200,0.0
8782,1.0
5563,0.0
3856,1.0
7784,1.0
13896,0.0
10452,0.0
5656,1.0
18650,0.0
2972,0.0
1278,0.0
4128,0.0
10413,0.0
15412,1.0
16644,0.0
19017,0.0
7668,0.0
651,0.0
2011,0.0
8941,0.0
18536,0.0
10337,0.0
12414,0.0
1988,1.0
8298,0.0
8921,0.0
22,0.0
17021,0.0
2891,0.0
11170,1.0
17819,0.0
5034,0.0
5020,0.0
32,0.0
16778,0.0
12970,0.0
2369,0.0
8093,0.0
12925,1.0
8424,0.0
4902,0.0
16912,0.0
2275,1.0
6951,0.0
3278,0.0
8590,0.0
8432,0.0
6614,0.0
942,0.0
5230,0.0
11033,1.0
4578,0.0
2578,0.0
3587,0.0
6926,1.0
2230,0.0
18413,0.0
3810,1.0
7316,0.0
4847,0.0
10175,0.0
4660,0.0
2130,0.0
12173,1.0
8940,1.0
2119,0.0
11856,0.0
2353,0.0
7813,0.0
10596,0.0
6538,0.0
9369,0.0
8427,0.0
13685,1.0
17424,0.0
8698,1.0
16945,0.0
9530,0.0
5637,0.0
18558,0.0
4809,0.0
6482,0.0
46,1.0
6137,0.0
1407,0.0
16742,0.0
18969,0.0
7930,0.0
10970,0.0
9867,0.0
14298,0.0
5143,0.0
124,0.0
985,0.0
7078,0.0
19066,0.0
1819,0.0
9921,0.0
5923,0.0
5623,0.0
9127,0.0
5884,1.0
18298,0.0
3390,0.0
10145,0.0
13351,0.0
2287,0.0
9722,0.0
10472,0.0
3113,0.0
10979,0.0
754,0.0
1106,0.0
16234,0.0
6472,1.0
17362,0.0
17031,0.0
7352,0.0
2358,0.0
11592,1.0
15992,0.0
5267,0.0
15976,0.0
13659,0.0
14567,0.0
9576,0.0
5320,0.0
11687,1.0
2392,0.0
6714,0.0
11803,0.0
11798,0.0
7408,0.0
4582,1.0
12398,0.0
18916,0.0
533,1.0
15240,0.0
9137,0.0
13413,0.0
1031,0.0
15137,0.0
18361,0.0
4900,0.0
15861,0.0
7921,0.0
1036,0.0
18029,0.0
14388,0.0
5273,0.0
10096,0.0
3891,0.0
13187,0.0
8742,0.0
15466,0.0
4523,1.0
7256,0.0
12111,0.0
525,0.0
13614,0.0
5385,0.0
16883,0.0
13299,1.0
10546,0.0
12648,0.0
14661,0.0
12836,0.0
2486,0.0
8856,0.0
11395,0.0
3699,0.0
12690,0.0
6549,1.0
9484,0.0
16297,0.0
3195,0.0
2474,0.0
2627,0.0
7900,0.0
4197,0.0
1013,0.0
17946,0.0
5014,1.0
8824,0.0
11078,1.0
9303,0.0
5638,1.0
3911,0.0
14156,0.0
17679,0.0
16069,0.0
203,1.0
10958,0.0
11415,0.0
13473,0.0
16739,1.0
401,0.0
9465,1.0
10218,0.0
1574,0.0
13411,0.0
285,1.0
4211,0.0
8926,0.0
11127,0.0
5216,0.0
16426,0.0
17937,0.0
9238,0.0
9939,1.0
5335,0.0
6654,0.0
2431,0.0
2991,0.0
16610,0.0
17578,0.0
7039,0.0
4555,0.0
14516,0.0
926,0.0
1962,0.0
9861,1.0
6195,0.0
8268,1.0
9183,0.0
291,0.0
14512,0.0
8982,0.0
14538,0.0
12380,0.0
8516,0.0
18569,1.0
391,0.0
11189,0.0
9560,1.0
15970,0.0
12729,0.0
3214,0.0
8374,0.0
999,0.0
16030,0.0
4978,0.0
8657,0.0
14737,1.0
15719,0.0
3248,0.0
9778,0.0
4849,0.0
9323,0.0
5392,1.0
12762,0.0
18060,1.0
8591,0.0
14129,0.0
2370,0.0
15561,0.0
14226,1.0
4363,0.0
1915,0.0
3221,0.0
2115,1.0
9203,0.0
3051,0.0
6999,1.0
15791,0.0
400,0.0
16605,1.0
6197,0.0
7097,0.0
4329,0.0
4967,0.0
17109,0.0
17831,0.0
17154,1.0
572,0.0
419,0.0
4843,0.0
16627,0.0
14327,0.0
17898,1.0
5576,0.0
2430,0.0
7500,0.0
7501,0.0
15028,0.0
13399,1.0
1487,0.0
3894,0.0
10700,0.0
6244,0.0
18479,0.0
8148,0.0
7112,0.0
14065,1.0
97,1.0
15919,0.0
11998,0.0
14486,0.0
15481,0.0
14410,0.0
14996,0.0
14973,0.0
19079,0.0
9298,0.0
10510,0.0
17057,0.0
14518,0.0
15840,0.0
4249,0.0
15376,0.0
2694,0.0
1380,0.0
5010,1.0
8788,0.0
1959,0.0
4175,0.0
2282,0.0
6442,0.0
6039,0.0
18939,1.0
6166,1.0
10574,0.0
4500,0.0
12211,0.0
7421,0.0
9830,0.0
573,1.0
4451,0.0
14292,0.0
5217,0.0
12853,0.0
6504,0.0
1257,0.0
14007,0.0
12239,0.0
732,1.0
2555,0.0
225,0.0
8578,0.0
16840,0.0
18347,1.0
13144,0.0
11071,0.0
189,0.0
8241,0.0
3441,0.0
1260,0.0
3417,1.0
7189,0.0
10042,0.0
18443,1.0
1219,0.0
2918,0.0
11247,0.0
18976,1.0
15882,0.0
8781,0.0
5370,1.0
709,1.0
3296,1.0
16097,0.0
3066,0.0
3660,0.0
14607,0.0
17517,1.0
10731,1.0
3945,0.0
2675,0.0
9247,0.0
8722,0.0
3353,0.0
309,0.0
16059,0.0
3724,0.0
882,0.0
127,0.0
4269,0.0
18193,1.0
8037,0.0
2797,0.0
4051,0.0
8064,0.0
11442,0.0
18928,0.0
6600,1.0
581,0.0
15216,1.0
2649,1.0
14673,1.0
15220,0.0
18046,0.0
8016,1.0
16237,0.0
6456,1.0
17655,0.0
10893,0.0
8703,1.0
16696,0.0
5869,0.0
1781,0.0
4410,0.0
1476,0.0
8249,1.0
6090,0.0
1716,1.0
13314,0.0
12810,0.0
14258,1.0
8300,0.0
2312,0.0
16437,0.0
3931,0.0
18437,0.0
14366,0.0
6451,0.0
11211,0.0
8534,0.0
12087,0.0
4309,0.0
2432,0.0
18904,0.0
16154,0.0
5401,1.0
6587,0.0
15982,0.0
10551,0.0
12863,1.0
12855,0.0
4569,1.0
2924,0.0
17990,1.0
14597,0.0
15995,0.0
3906,0.0
15200,0.0
3394,0.0
4925,0.0
6634,0.0
78,0.0
7833,0.0
2323,0.0
7835,0.0
10141,0.0
12715,0.0
2362,0.0
4433,0.0
14952,1.0
15307,0.0
2108,1.0
11350,0.0
6400,1.0
15392,1.0
1283,0.0
5051,0.0
8482,0.0
11891,0.0
1100,0.0
18655,0.0
12830,1.0
11139,0.0
11118,0.0
18302,1.0
18615,0.0
3379,0.0
8616,0.0
16783,0.0
9353,0.0
15461,0.0
196,0.0
17103,0.0
3048,0.0
13879,0.0
9009,0.0
16754,0.0
14071,1.0
7410,0.0
1039,0.0
7532,0.0
1864,0.0
12765,1.0
14630,1.0
6412,0.0
15077,0.0
8973,0.0
9046,0.0
16500,0.0
6139,0.0
3369,1.0
12527,1.0
5575,0.0
795,0.0
6759,1.0
15663,0.0
14743,0.0
9666,0.0
76,0.0
18400,0.0
10915,0.0
14698,1.0
2926,0.0
14127,0.0
11013,0.0
9628,1.0
4116,0.0
5163,1.0
7201,0.0
9356,0.0
14666,0.0
12720,1.0
3132,0.0
10646,0.0
10975,0.0
6580,0.0
14440,0.0
351,0.0
8865,0.0
14609,0.0
8992,0.0
17260,0.0
516,0.0
2854,0.0
7600,0.0
18344,0.0
18094,0.0
646,0.0
18693,1.0
1027,0.0
2706,0.0
235,0.0
19115,0.0
18861,0.0
16133,0.0
11496,0.0
13397,0.0
8316,0.0
17598,0.0
3458,0.0
4895,0.0
17306,0.0
14797,0.0
4409,1.0
9383,1.0
11898,0.0
17070,0.0
3322,0.0
4874,0.0
3620,0.0
3763,0.0
18719,0.0
17433,0.0
5703,0.0
10015,0.0
17247,0.0
1296,1.0
358,0.0
14890,0.0
5223,0.0
3303,1.0
10884,0.0
12532,0.0
14139,0.0
4210,0.0
17896,0.0
16954,0.0
290,0.0
13199,0.0
3592,0.0
12828,0.0
6356,0.0
6313,1.0
13583,0.0
13105,1.0
794,0.0
749,0.0
12126,0.0
11408,1.0
10757,1.0
2468,0.0
7052,0.0
12057,0.0
18877,1.0
18997,0.0
6786,1.0
7580,0.0
14442,0.0
6335,1.0
18457,0.0
17165,0.0
13063,1.0
15694,0.0
2520,0.0
967,0.0
3343,0.0
13668,0.0
11174,1.0
15816,0.0
5336,1.0
4679,1.0
14994,0.0
7263,0.0
10962,0.0
16341,0.0
3059,0.0
3240,0.0
9222,0.0
6392,0.0
5610,0.0
3449,0.0
16177,0.0
16570,1.0
4180,0.0
1575,1.0
8310,0.0
11827,0.0
17953,0.0
23,0.0
16573,0.0
12400,0.0
9999,0.0
3873,1.0
14047,0.0
12940,0.0
5909,0.0
1964,0.0
13377,0.0
9086,0.0
9134,1.0
16305,0.0
13726,1.0
3314,0.0
14000,0.0
3813,0.0
5669,1.0
15388,1.0
19090,0.0
7154,0.0
7244,1.0
4174,0.0
8566,0.0
2683,0.0
7998,0.0
9038,0.0
10724,0.0
10454,0.0
14979,0.0
9654,0.0
10705,0.0
11146,1.0
12777,0.0
6250,0.0
5889,1.0
857,0.0
8784,0.0
258,0.0
7844,0.0
3372,1.0
9754,0.0
13820,1.0
2136,0.0
4041,0.0
3410,0.0
8011,0.0
18849,0.0
6993,1.0
8719,0.0
4075,0.0
11776,0.0
21,0.0
7852,0.0
17280,0.0
18345,0.0
12996,0.0
15132,0.0
9543,0.0
4248,0.0
3603,0.0
7010,0.0
6969,0.0
16418,0.0
11790,0.0
2090,1.0
15283,0.0
18282,0.0
1636,0.0
17460,0.0
736,1.0
9459,0.0
17786,0.0
17897,0.0
11105,0.0
9967,0.0
6148,0.0
1153,0.0
303,1.0
15438,0.0
7270,0.0
11941,0.0
8885,0.0
1590,0.0
5643,0.0
6447,0.0
17042,0.0
2679,0.0
18334,0.0
7588,0.0
14875,0.0
3425,0.0
12733,1.0
9650,0.0
2466,1.0
3361,0.0
6608,0.0
16332,0.0
13328,0.0
15695,0.0
16818,0.0
7693,0.0
5895,0.0
9725,0.0
13552,0.0
5600,1.0
6924,0.0
15407,0.0
19131,0.0
935,1.0
4567,0.0
14801,0.0
4114,0.0
9246,0.0
1675,0.0
12569,1.0
6583,0.0
3557,0.0
18478,1.0
19049,0.0
6896,0.0
6180,0.0
10829,0.0
14185,0.0
6206,0.0
4534,0.0
4425,1.0
8373,0.0
7405,0.0
1576,1.0
3124,0.0
8417,0.0
14663,0.0
5731,0.0
5103,0.0
9651,0.0
6448,1.0
9097,0.0
13320,0.0
2205,1.0
7311,0.0
3008,0.0
14640,0.0
2501,0.0
16231,0.0
2840,0.0
14172,0.0
3387,1.0
19009,0.0
18564,0.0
4546,0.0
5126,0.0
9165,0.0
9258,0.0
5624,0.0
12960,0.0
6891,0.0
10996,1.0
5341,0.0
10443,1.0
7572,0.0
15802,1.0
11842,0.0
16281,0.0
3289,0.0
17271,0.0
6409,0.0
15222,0.0
7648,0.0
18720,0.0
13946,0.0
2744,0.0
5366,0.0
18239,0.0
18791,1.0
4913,0.0
8624,0.0
3907,0.0
13407,0.0
7324,0.0
11432,0.0
11089,0.0
10883,0.0
14557,0.0
13849,0.0
16392,0.0
951,0.0
10275,0.0
7842,0.0
3049,0.0
18690,0.0
18738,0.0
1050,0.0
16599,0.0
18661,0.0
6978,0.0
10099,0.0
7574,0.0
14579,1.0
9739,0.0
16738,1.0
14024,0.0
16384,0.0
7220,0.0
15595,0.0
9117,0.0
16380,1.0
9771,0.0
17979,0.0
11062,0.0
11365,1.0
15206,0.0
14671,0.0
2214,0.0
3146,0.0
12095,0.0
14330,0.0
2721,0.0
10302,0.0
14534,0.0
15260,0.0
13819,1.0
7231,0.0
6524,1.0
13518,0.0
12643,0.0
10163,0.0
14261,0.0
17999,0.0
4330,0.0
1882,1.0
17983,0.0
9645,1.0
17755,0.0
8833,1.0
13114,0.0
1455,0.0
6044,0.0
15498,0.0
16915,0.0
14061,0.0
1937,0.0
961,0.0
2435,0.0
10587,0.0
18560,0.0
16223,0.0
5297,0.0
6434,0.0
15284,1.0
8259,0.0
18145,0.0
18051,0.0
219,0.0
2689,1.0
13414,0.0
16745,0.0
3436,0.0
1264,0.0
5374,0.0
5629,0.0
1208,1.0
11065,0.0
3897,0.0
6092,0.0
16942,0.0
3655,0.0
17319,0.0
2420,0.0
10922,0.0
15288,0.0
2662,1.0
7646,0.0
986,0.0
17630,0.0
2289,0.0
15351,0.0
1195,0.0
3125,0.0
1534,0.0
11752,0.0
12110,0.0
2138,0.0
9802,0.0
16557,1.0
2002,0.0
8869,0.0
3086,1.0
17195,0.0
11068,0.0
5470,0.0
16612,0.0
711,0.0
16368,0.0
10726,0.0
17631,0.0
960,1.0
2525,0.0
8999,0.0
6662,0.0
2313,1.0
7775,0.0
7868,0.0
6597,0.0
12684,1.0
5568,0.0
8052,0.0
2037,0.0
8957,0.0
17656,0.0
661,0.0
4124,0.0
7442,0.0
10408,1.0
2398,0.0
2979,0.0
10772,0.0
13255,0.0
2833,0.0
16691,0.0
12462,0.0
14450,0.0
200,0.0
16099,0.0
12328,0.0
9957,0.0
13326,0.0
17992,1.0
3767,0.0
14032,0.0
2852,0.0
15442,1.0
15905,0.0
17297,0.0
11564,0.0
10440,0.0
18532,0.0
19023,0.0
4158,0.0
4708,1.0
10190,0.0
1473,0.0
9613,0.0
3816,0.0
11648,0.0
13174,1.0
2415,0.0
9521,0.0
17169,1.0
14659,0.0
2652,0.0
6909,0.0
9184,0.0
15792,0.0
10603,0.0
17762,0.0
13391,0.0
1167,1.0
13374,0.0
12508,0.0
12316,0.0
9119,0.0
18596,0.0
2311,0.0
11682,1.0
13678,0.0
12586,0.0
18155,0.0
6559,0.0
12632,1.0
15743,1.0
12673,0.0
8156,0.0
3160,0.0
18550,0.0
1026,1.0
19007,1.0
1242,0.0
12663,0.0
9317,0.0
13818,0.0
762,0.0
18468,1.0
11854,0.0
10407,0.0
7656,0.0
3889,0.0
12590,1.0
2699,1.0
4230,0.0
16721,1.0
12274,1.0
13912,0.0
10049,0.0
2988,0.0
15467,0.0
12717,0.0
4952,0.0
5309,0.0
14347,0.0
2056,0.0
6685,0.0
10255,0.0
15709,0.0
1000,1.0
1860,0.0
11733,0.0
9915,0.0
15747,0.0
3270,0.0
11645,0.0
17224,0.0
13978,0.0
18134,0.0
4875,0.0
9834,0.0
5488,0.0
10164,0.0
17780,0.0
1301,0.0
3728,1.0
3817,0.0
6693,0.0
18933,0.0
16000,0.0
11271,0.0
9307,1.0
5919,0.0
1877,0.0
2238,1.0
14570,0.0
15744,0.0
1644,0.0
2898,0.0
12804,0.0
4827,0.0
8055,0.0
16836,0.0
2318,1.0
15210,0.0
17857,0.0
6687,1.0
13874,0.0
10966,0.0
1091,0.0
14669,0.0
10259,0.0
8032,0.0
17398,1.0
18681,0.0
1855,0.0
1633,0.0
14536,1.0
14460,0.0
6737,0.0
16633,0.0
18065,1.0
5070,1.0
19019,0.0
15573,0.0
14331,0.0
18715,0.0
13271,0.0
11577,0.0
1951,0.0
10617,0.0
17855,1.0
1715,0.0
12004,0.0
12872,1.0
6382,0.0
18084,0.0
14752,0.0
12674,1.0
12382,0.0
11428,0.0
16650,0.0
10205,0.0
15024,0.0
9230,0.0
12235,1.0
3252,0.0
3071,0.0
2551,1.0
4508,0.0
4189,1.0
16667,0.0
11192,0.0
1406,0.0
6632,0.0
16299,0.0
12884,0.0
11471,0.0
8476,0.0
4806,1.0
15103,0.0
14296,1.0
2631,0.0
15602,0.0
2188,0.0
6750,0.0
5683,0.0
3876,0.0
7023,0.0
5127,0.0
632,0.0
15516,1.0
9267,0.0
16862,0.0
5310,1.0
373,0.0
2007,0.0
8894,1.0
6561,0.0
4237,0.0
1251,0.0
2201,0.0
17796,0.0
3013,0.0
17189,1.0
4155,0.0
5459,1.0
17263,1.0
17673,0.0
15555,0.0
13950,0.0
10649,0.0
13632,0.0
6628,0.0
3405,0.0
1516,0.0
9534,0.0
10306,0.0
3272,0.0
10130,0.0
481,1.0
18456,0.0
6298,0.0
16464,0.0
16257,0.0
10929,0.0
4282,0.0
4537,1.0
11218,1.0
297,0.0
18966,1.0
8848,0.0
1401,0.0
5565,0.0
5049,0.0
4737,0.0
5837,0.0
10674,0.0
13019,0.0
11362,0.0
9970,0.0
9026,0.0
8133,0.0
13111,0.0
4135,0.0
14096,0.0
4753,0.0
18253,0.0
12867,1.0
5055,0.0
3318,0.0
6027,0.0
9286,1.0
8806,0.0
9252,1.0
3736,0.0
17335,0.0
15414,0.0
650,0.0
18885,0.0
10658,0.0
3228,0.0
8686,0.0
15685,0.0
2046,0.0
517,0.0
17173,0.0
14717,0.0
13109,1.0
3947,0.0
11729,0.0
299,1.0
16438,0.0
1960,1.0
8484,0.0
6499,1.0
1298,0.0
11321,0.0
3648,0.0
4920,1.0
15148,0.0
4102,0.0
4420,0.0
10961,0.0
15049,0.0
5468,0.0
14465,0.0
13898,0.0
3745,0.0
6509,0.0
14299,0.0
328,0.0
17579,0.0
5771,1.0
4669,0.0
5299,0.0
17470,0.0
1952,0.0
7210,0.0
13502,0.0
1025,0.0
1415,0.0
12108,0.0
15502,1.0
13259,0.0
3741,0.0
8197,0.0
7128,0.0
10652,0.0
7797,0.0
16716,0.0
10421,0.0
4194,0.0
17814,0.0
13501,0.0
18842,0.0
3950,0.0
11599,0.0
7759,0.0
1981,1.0
10003,0.0
14694,1.0
181,0.0
10268,0.0
7763,0.0
6069,0.0
9015,1.0
2388,0.0
8596,0.0
4745,1.0
13175,0.0
14555,0.0
3110,0.0
10045,1.0
6065,0.0
3561,1.0
3423,1.0
14432,0.0
14110,1.0
2550,0.0
1565,0.0
221,0.0
4066,0.0
16695,1.0
3450,0.0
15327,1.0
14232,0.0
3250,1.0
9965,0.0
1157,0.0
8829,1.0
5496,0.0
6263,0.0
7997,0.0
11958,0.0
10525,0.0
10308,0.0
3311,1.0
8803,0.0
12043,0.0
9828,0.0
5192,0.0
8361,0.0
17151,0.0
1250,1.0
19132,0.0
3308,0.0
149,0.0
133,0.0
4246,0.0
3975,0.0
10427,0.0
1086,0.0
17749,1.0
10504,0.0
11574,0.0
13287,0.0
11763,0.0
7216,0.0
7474,0.0
14297,0.0
9221,0.0
15342,0.0
12705,0.0
18767,0.0
3785,0.0
17156,0.0
18102,0.0
17863,0.0
5652,0.0
11956,0.0
6674,0.0
10668,0.0
1555,0.0
16363,0.0
930,0.0
13026,0.0
8325,1.0
5452,1.0
2215,0.0
13074,0.0
14027,0.0
16246,0.0
2883,0.0
9096,0.0
2356,0.0
1235,0.0
1124,0.0
19054,1.0
11017,0.0
12832,0.0
9461,1.0
17917,0.0
18746,0.0
8491,0.0
2315,0.0
4398,0.0
7369,0.0
12038,0.0
17714,0.0
7837,0.0
8258,0.0
17862,1.0
7719,0.0
4949,1.0
6897,0.0
17116,0.0
1345,1.0
9112,0.0
3547,0.0
2611,0.0
7336,0.0
13574,1.0
6889,0.0
183,0.0
14315,0.0
6209,0.0
1359,0.0
8976,0.0
18072,1.0
7830,0.0
18055,0.0
1668,0.0
8903,0.0
18209,0.0
1434,0.0
10567,0.0
16980,0.0
9761,0.0
2516,0.0
8756,0.0
14653,0.0
18089,0.0
10486,0.0
2545,0.0
15754,0.0
18572,0.0
438,0.0
18646,0.0
11302,0.0
3106,0.0
3117,0.0
10152,0.0
17490,1.0
1463,0.0
18201,0.0
8340,0.0
12834,0.0
9655,0.0
15637,0.0
12333,0.0
241,0.0
522,1.0
12742,0.0
2946,0.0
14135,0.0
6493,1.0
3687,1.0
10040,0.0
18449,1.0
19013,0.0
12426,0.0
380,0.0
3710,0.0
10253,0.0
5337,0.0
3493,0.0
4531,1.0
7404,0.0
1007,0.0
17619,0.0
15836,1.0
6487,0.0
1918,0.0
8207,0.0
10696,0.0
2140,0.0
1238,1.0
1108,0.0
11724,0.0
3860,0.0
12023,0.0
11187,0.0
18897,0.0
12525,0.0
8104,0.0
5530,0.0
7953,0.0
4181,0.0
15156,0.0
7411,0.0
5965,0.0
7582,0.0
13582,0.0
9415,0.0
2309,1.0
17407,1.0
11535,0.0
11739,0.0
2518,0.0
2023,1.0
8486,0.0
18895,0.0
11227,0.0
3267,0.0
2081,0.0
255,0.0
7034,0.0
962,0.0
8406,1.0
14412,0.0
2639,1.0
9882,0.0
2426,1.0
15849,1.0
7351,0.0
6408,0.0
14078,0.0
19113,0.0
13200,1.0
4619,0.0
8542,1.0
14554,0.0
18367,0.0
2784,1.0
17690,0.0
18469,0.0
11280,0.0
14023,0.0
5130,0.0
13466,0.0
15179,1.0
7603,0.0
14561,0.0
15755,0.0
13866,1.0
9813,0.0
140,0.0
6803,0.0
7225,0.0
11988,0.0
16450,0.0
3565,0.0
13481,1.0
1490,0.0
7860,0.0
1142,1.0
10348,0.0
15669,0.0
16153,0.0
1689,0.0
10641,0.0
10615,0.0
12596,0.0
2439,0.0
4267,0.0
12359,0.0
4468,0.0
15174,0.0
2345,0.0
1799,0.0
14081,1.0
17115,1.0
819,1.0
11196,0.0
7762,0.0
9152,1.0
14008,0.0
843,0.0
12266,0.0
17559,0.0
16638,0.0
12247,0.0
3809,1.0
13206,0.0
1913,0.0
15787,0.0
9646,0.0
12454,1.0
15887,0.0
7492,0.0
3951,0.0
6172,0.0
13646,0.0
11633,0.0
9652,0.0
417,0.0
19083,0.0
3292,1.0
5961,0.0
1234,0.0
7233,1.0
3227,0.0
15311,0.0
19035,0.0
8303,0.0
17731,0.0
3846,1.0
2261,1.0
2935,0.0
4361,0.0
14369,0.0
18393,1.0
9922,0.0
8607,1.0
10964,1.0
821,0.0
2494,0.0
854,0.0
9401,0.0
6074,0.0
17177,0.0
11718,1.0
17713,0.0
11636,0.0
16307,1.0
13782,0.0
5707,0.0
14726,0.0
7208,1.0
662,0.0
6748,0.0
15920,0.0
5922,0.0
7092,0.0
18534,0.0
15893,0.0
2777,1.0
11838,0.0
250,0.0
19151,0.0
13368,0.0
15879,0.0
8779,0.0
9071,0.0
10810,0.0
19004,0.0
8611,0.0
540,0.0
16511,0.0
1677,0.0
3276,0.0
13615,0.0
16630,0.0
10166,0.0
12650,0.0
85,0.0
13050,0.0
12545,0.0
9732,0.0
1683,0.0
6089,1.0
7053,0.0
12199,0.0
12936,0.0
5607,1.0
15962,0.0
7242,0.0
9971,0.0
820,0.0
4625,0.0
5528,1.0
17660,0.0
18879,0.0
16678,0.0
2417,0.0
3564,0.0
12003,0.0
15766,0.0
57,0.0
6173,0.0
18288,0.0
7375,0.0
18009,0.0
668,0.0
5511,0.0
17295,0.0
16797,0.0
15850,0.0
12297,0.0
13338,0.0
6683,0.0
17043,0.0
6378,1.0
7692,0.0
18857,0.0
15609,0.0
18826,0.0
17091,0.0
16466,0.0
11049,0.0
5395,1.0
14820,0.0
1446,0.0
13713,0.0
18059,0.0
2530,1.0
11591,1.0
8531,0.0
7879,0.0
12448,0.0
602,0.0
8100,0.0
8047,0.0
4693,0.0
18912,0.0
6167,0.0
14605,0.0
7429,1.0
5969,0.0
11298,1.0
17473,0.0
12984,1.0
6710,0.0
8685,0.0
13522,0.0
9132,0.0
10028,0.0
15144,0.0
11609,0.0
8163,0.0
8769,0.0
16075,1.0
4835,0.0
18173,0.0
16949,0.0
3454,0.0
3586,0.0
9457,0.0
17957,0.0
18246,1.0
10857,0.0
15650,0.0
10017,1.0
15239,1.0
3345,0.0
8399,1.0
7758,0.0
14984,0.0
19118,1.0
17321,0.0
6541,0.0
1420,1.0
107,1.0
11571,0.0
6517,0.0
10312,0.0
17805,0.0
12606,0.0
11028,0.0
12259,0.0
4872,0.0
10799,1.0
5360,0.0
7396,0.0
9643,0.0
6964,0.0
5738,0.0
13228,0.0
16406,0.0
1405,0.0
14213,1.0
13882,0.0
4517,0.0
8730,0.0
14757,0.0
6813,0.0
865,0.0
14905,0.0
10420,1.0
957,0.0
8235,0.0
4715,0.0
11270,0.0
13805,0.0
12152,0.0
3,0.0
14837,0.0
51,0.0
10702,1.0
13709,0.0
3298,0.0
7966,1.0
9552,0.0
18699,1.0
2651,0.0
13015,0.0
7845,1.0
17551,1.0
18312,1.0
8302,1.0
2347,0.0
16659,0.0
13893,0.0
1197,0.0
15377,0.0
11503,1.0
13862,0.0
5713,0.0
11787,0.0
12670,0.0
5346,1.0
14487,0.0
9952,0.0
13227,0.0
10607,0.0
2337,0.0
15607,0.0
18977,1.0
5251,0.0
1929,0.0
17233,0.0
10626,0.0
3168,0.0
2507,0.0
11278,0.0
5045,0.0
86,0.0
14612,1.0
17443,0.0
3239,0.0
17113,0.0
11344,1.0
13667,0.0
9155,0.0
12341,0.0
19139,1.0
14574,0.0
1475,0.0
8291,0.0
18448,0.0
12277,0.0
17868,0.0
3094,0.0
16498,0.0
4212,0.0
12846,0.0
2798,0.0
18388,0.0
6157,1.0
4481,0.0
4941,0.0
17416,0.0
7448,0.0
11206,0.0
1741,0.0
15319,1.0
10254,0.0
10594,0.0
4332,0.0
17564,0.0
10974,1.0
12602,0.0
1471,1.0
4570,0.0
4375,0.0
17255,0.0
14006,0.0
12943,0.0
5145,0.0
8951,1.0
5529,0.0
9852,0.0
16096,1.0
11257,0.0
2661,0.0
877,0.0
2761,1.0
18071,0.0
18910,0.0
8554,0.0
16414,0.0
14210,1.0
6913,0.0
374,0.0
12298,0.0
115,0.0
5108,0.0
1357,0.0
18998,0.0
11497,0.0
15474,1.0
12952,0.0
9053,1.0
14063,0.0
17300,0.0
5885,0.0
10024,0.0
14624,0.0
2528,0.0
10076,1.0
6420,1.0
11126,0.0
14155,1.0
12628,0.0
10744,0.0
2267,0.0
3492,0.0
7671,0.0
7183,0.0
7254,0.0
3985,0.0
17719,1.0
74,1.0
5344,0.0
4529,0.0
16379,0.0
2673,0.0
16855,0.0
6667,0.0
5098,0.0
6368,0.0
627,0.0
18376,0.0
8817,0.0
12412,0.0
19088,0.0
11390,1.0
8672,1.0
17924,0.0
15315,0.0
652,1.0
16925,0.0
16753,1.0
17744,0.0
3845,0.0
2360,0.0
17535,1.0
18292,0.0
15410,0.0
9992,0.0
18742,0.0
1003,0.0
9577,0.0
18808,0.0
2989,0.0
13993,0.0
5285,0.0
8029,0.0
6661,1.0
15038,0.0
14625,1.0
2498,0.0
14338,0.0
3888,1.0
15967,0.0
12886,1.0
13691,0.0
1145,1.0
9610,0.0
4320,0.0
9357,0.0
3569,0.0
7409,0.0
5519,0.0
3386,0.0
17225,0.0
7407,0.0
16858,0.0
9453,0.0
8331,1.0
13887,0.0
7510,0.0
15568,0.0
8217,0.0
11341,1.0
9271,1.0
1066,1.0
13931,1.0
3849,0.0
6460,0.0
2480,0.0
6684,0.0
2923,0.0
11121,0.0
15114,1.0
18077,0.0
9485,0.0
6917,0.0
13095,0.0
12390,1.0
746,0.0
5101,0.0
3829,0.0
5948,0.0
16415,0.0
16803,1.0
15797,0.0
1335,0.0
1,0.0
965,1.0
7618,1.0
19128,0.0
16460,0.0
11488,1.0
12435,0.0
18697,1.0
7740,0.0
4908,0.0
12874,0.0
7688,0.0
2832,0.0
11863,0.0
12232,0.0
11686,0.0
16901,0.0
5244,0.0
15884,0.0
6123,1.0
433,0.0
1628,0.0
10313,0.0
647,0.0
5653,0.0
7614,0.0
8651,0.0
4303,0.0
18796,0.0
17987,0.0
272,0.0
18440,0.0
19074,0.0
14522,1.0
7307,0.0
12543,0.0
12854,0.0
1462,0.0
9033,0.0
334,0.0
2584,0.0
1567,0.0
1064,0.0
4205,0.0
2524,0.0
2688,0.0
5250,1.0
17292,0.0
6357,0.0
15965,0.0
8508,0.0
14798,0.0
2796,0.0
9107,0.0
16963,0.0
233,0.0
11532,0.0
2731,1.0
9982,0.0
11394,1.0
13634,0.0
6379,0.0
4783,0.0
16388,0.0
2579,0.0
19060,0.0
3225,0.0
943,1.0
15436,0.0
15984,0.0
5472,1.0
6711,0.0
3304,0.0
6698,1.0
17423,1.0
16150,1.0
3847,0.0
15712,0.0
8667,0.0
12859,0.0
14611,0.0
4781,1.0
16934,0.0
15852,0.0
17743,1.0
2536,0.0
11568,1.0
5567,1.0
2256,1.0
4700,0.0
4438,0.0
15488,0.0
2400,0.0
16590,0.0
16472,0.0
10363,0.0
9776,0.0
18552,0.0
17098,1.0
16798,0.0
12300,0.0
4185,0.0
12652,0.0
4261,0.0
9679,0.0
7290,0.0
1262,1.0
403,0.0
9157,0.0
6767,0.0
5555,0.0
1189,1.0
17522,0.0
6873,0.0
14675,0.0
1616,1.0
8776,1.0
5420,0.0
13557,0.0
7140,1.0
12419,0.0
5134,0.0
412,0.0
11802,0.0
8945,0.0
8636,0.0
13315,0.0
13178,0.0
12954,0.0
11732,1.0
859,0.0
7019,0.0
2408,0.0
1645,0.0
1259,1.0
9080,0.0
14029,0.0
8881,0.0
14250,1.0
8014,0.0
13383,0.0
3769,0.0
17104,1.0
18299,0.0
19018,0.0
9436,0.0
8537,1.0
4751,0.0
16910,0.0
2977,0.0
11369,0.0
12612,0.0
1815,0.0
18745,0.0
1042,0.0
209,1.0
14571,0.0
10804,0.0
1807,0.0
4064,0.0
18937,1.0
14815,0.0
108,0.0
11284,0.0
13766,0.0
13578,1.0
862,0.0
13623,1.0
1421,0.0
3908,0.0
11359,0.0
14473,0.0
10638,0.0
14849,1.0
9727,1.0
16469,1.0
11813,1.0
18002,0.0
7350,0.0
6866,0.0
12941,0.0
11647,0.0
594,0.0
9782,0.0
14095,1.0
1740,0.0
14316,0.0
13768,0.0
7769,0.0
7923,0.0
10941,1.0
17090,0.0
7810,0.0
11163,1.0
12040,0.0
17591,0.0
9586,0.0
7172,0.0
19034,0.0
8266,0.0
18337,1.0
13649,0.0
3541,0.0
9111,0.0
8832,0.0
18883,0.0
6107,1.0
4134,1.0
12552,0.0
6555,1.0
10489,0.0
11949,0.0
4543,1.0
2630,0.0
11987,0.0
2765,0.0
7143,0.0
12237,0.0
625,0.0
5835,1.0
9197,0.0
1018,0.0
2112,1.0
4697,0.0
3838,1.0
6598,0.0
15023,0.0
12523,0.0
6601,0.0
15145,0.0
6537,0.0
102,0.0
13373,0.0
8175,0.0
9743,0.0
6491,1.0
4579,0.0
9926,0.0
12898,1.0
8262,0.0
19137,1.0
4681,1.0
2985,0.0
2671,0.0
16413,1.0
7601,0.0
5015,0.0
2955,1.0
5541,0.0
6300,0.0
7155,0.0
3543,1.0
8157,1.0
18355,1.0
14317,0.0
6311,0.0
6644,1.0
17183,0.0
5378,1.0
15830,1.0
4744,1.0
8948,0.0
6147,0.0
3946,0.0
5781,0.0
9069,0.0
3938,0.0
7250,0.0
8793,0.0
7945,1.0
4541,0.0
1654,0.0
1231,0.0
11601,0.0
10438,0.0
1519,0.0
15244,0.0
7068,0.0
15245,0.0
791,1.0
5533,0.0
4759,0.0
13702,0.0
7925,0.0
2492,0.0
8638,0.0
16249,1.0
16966,0.0
14812,0.0
15829,0.0
19100,0.0
3321,0.0
18044,1.0
13764,0.0
16208,1.0
10584,0.0
9627,0.0
6992,0.0
11862,1.0
8816,0.0
18864,0.0
13422,0.0
15826,0.0
11996,0.0
9346,1.0
8304,0.0
1176,0.0
11205,1.0
16722,0.0
2306,0.0
1355,0.0
6557,0.0
14902,0.0
10368,1.0
7874,0.0
585,0.0
1631,0.0
11041,0.0
18101,0.0
9389,0.0
1286,0.0
10356,0.0
630,1.0
1263,1.0
5275,0.0
4348,0.0
6017,1.0
10195,1.0
2994,0.0
16080,0.0
8090,0.0
3335,0.0
16976,0.0
18881,0.0
8020,0.0
15615,0.0
16098,0.0
14245,1.0
3287,0.0
4347,1.0
12896,0.0
4583,0.0
4959,0.0
3714,0.0
7751,0.0
2410,0.0
5744,0.0
6846,0.0
17062,0.0
17378,0.0
18632,0.0
15952,0.0
8050,0.0
3521,0.0
15268,0.0
7506,0.0
7162,0.0
17965,0.0
7803,1.0
18432,0.0
19044,0.0
17790,0.0
870,1.0
316,0.0
7990,0.0
371,0.0
8379,0.0
2397,0.0
6128,0.0
18893,0.0
18517,0.0
3762,0.0
16121,0.0
11091,1.0
6433,0.0
10350,0.0
11495,0.0
13130,0.0
18509,1.0
12196,1.0
4793,1.0
15265,0.0
5239,1.0
10590,1.0
4876,1.0
17034,1.0
19030,0.0
17512,0.0
5319,0.0
10256,0.0
3479,0.0
19059,0.0
3695,0.0
1965,0.0
9735,0.0
478,0.0
1267,0.0
14099,0.0
9435,0.0
10789,0.0
7598,0.0
17307,0.0
12250,0.0
17035,0.0
10181,0.0
15497,0.0
5789,0.0
8724,1.0
13899,0.0
14152,0.0
4686,0.0
3502,0.0
12056,1.0
735,0.0
15381,0.0
11901,0.0
871,0.0
14896,0.0
6928,0.0
5979,0.0
17341,0.0
15736,0.0
9770,0.0
9994,0.0
10105,0.0
648,0.0
18105,1.0
8655,0.0
7059,0.0
7291,0.0
6297,0.0
12028,0.0
19133,0.0
13732,0.0
9041,0.0
835,0.0
5642,0.0
1414,0.0
3758,0.0
11253,0.0
17553,0.0
2160,0.0
11764,0.0
9202,0.0
4184,0.0
10699,0.0
11299,0.0
7285,0.0
12408,1.0
6625,1.0
2334,0.0
3901,0.0
13323,0.0
19082,1.0
18314,0.0
14966,0.0
3678,0.0
15966,1.0
3477,0.0
3566,0.0
18804,0.0
5135,0.0
14658,0.0
11409,0.0
7972,0.0
9341,1.0
12883,0.0
17875,1.0
11330,0.0
19091,0.0
5598,0.0
12547,0.0
13985,0.0
6098,0.0
6249,0.0
1332,0.0
15441,0.0
15483,0.0
15269,1.0
15776,0.0
15586,1.0
10086,1.0
11457,0.0
220,0.0
9377,0.0
10614,0.0
8525,0.0
15347,0.0
8715,0.0
1661,0.0
486,0.0
15303,0.0
6088,0.0
2917,0.0
9803,0.0
12188,0.0
12074,0.0
4063,0.0
7131,0.0
4038,0.0
3039,0.0
10214,0.0
9354,1.0
5025,1.0
1672,0.0
18261,1.0
9416,1.0
9729,0.0
16487,0.0
4327,1.0
13920,0.0
13229,1.0
11243,1.0
17769,0.0
1713,0.0
1596,0.0
17910,0.0
5413,0.0
16661,0.0
16040,1.0
18593,1.0
11562,0.0
17750,0.0
2727,0.0
595,1.0
10881,0.0
11795,0.0
13654,1.0
15934,0.0
1737,0.0
17342,1.0
17864,0.0
11219,0.0
9309,0.0
10882,0.0
11596,0.0
6733,0.0
4860,1.0
13040,0.0
13431,1.0
5848,1.0
8073,0.0
18073,0.0
8662,0.0
13814,0.0
11710,0.0
9443,0.0
18634,0.0
11493,0.0
4113,0.0
18123,0.0
6982,1.0
18863,0.0
12492,1.0
17940,0.0
1416,0.0
16215,0.0
8813,0.0
11067,1.0
15585,0.0
4983,0.0
18224,0.0
18325,0.0
1435,0.0
1097,0.0
13071,0.0
3701,0.0
15549,0.0
1906,0.0
13079,0.0
12806,0.0
5788,0.0
18823,0.0
10063,0.0
6002,0.0
9638,0.0
9672,0.0
5937,0.0
10516,0.0
2499,0.0
2348,0.0
13017,0.0
129,0.0
15616,0.0
7466,0.0
16014,0.0
12177,0.0
14964,0.0
9609,0.0
14786,0.0
6070,1.0
3133,0.0
12012,0.0
9499,0.0
6190,0.0
16597,0.0
16670,0.0
9088,0.0
16788,1.0
17267,0.0
18326,0.0
10712,0.0
3552,0.0
17607,0.0
16880,0.0
13058,1.0
8618,0.0
11012,0.0
5054,0.0
6264,0.0
4670,1.0
6921,0.0
131,0.0
12616,0.0
10501,1.0
15843,0.0
14921,0.0
17466,0.0
7234,0.0
2882,1.0
10988,0.0
8965,0.0
4465,0.0
15139,0.0
1886,0.0
3668,0.0
17904,0.0
306,0.0
268,0.0
9888,0.0
15254,0.0
15801,0.0
13835,1.0
12483,0.0
142,0.0
5964,0.0
8031,0.0
16889,0.0
11058,0.0
17218,0.0
5072,0.0
1492,1.0
14205,0.0
17604,0.0
14732,0.0
739,0.0
655,1.0
12691,0.0
6338,0.0
8746,0.0
12723,0.0
9557,0.0
14503,1.0
11161,0.0
2790,0.0
6444,1.0
16530,0.0
2078,0.0
198,0.0
4346,0.0
898,0.0
9812,0.0
14633,0.0
2899,1.0
7215,0.0
10219,1.0
471,1.0
2736,1.0
16206,0.0
16232,0.0
14396,1.0
14910,0.0
10585,0.0
5513,0.0
15654,1.0
18802,0.0
9855,0.0
13688,0.0
7175,0.0
8986,0.0
4883,1.0
17191,0.0
11333,1.0
17406,0.0
12656,0.0
1983,0.0
10689,0.0
14462,0.0
8188,0.0
15507,1.0
9765,0.0
222,0.0
4980,1.0
13965,0.0
165,0.0
13871,0.0
8215,0.0
3219,0.0
13763,0.0
5114,0.0
10380,0.0
16342,0.0
9475,0.0
18026,0.0
9808,0.0
5479,0.0
4369,0.0
8231,0.0
13138,0.0
7192,0.0
15642,0.0
16226,0.0
17356,0.0
15045,0.0
901,1.0
8233,0.0
11140,0.0
1011,0.0
19051,0.0
8087,0.0
19124,0.0
15164,0.0
1891,1.0
1032,1.0
1321,0.0
13870,0.0
6052,0.0
5996,1.0
1608,0.0
14731,0.0
6510,0.0
17879,0.0
7160,0.0
5920,0.0
6290,0.0
17258,0.0
6980,0.0
5561,0.0
18027,1.0
2402,0.0
17552,0.0
15050,0.0
2876,1.0
9795,0.0
15658,1.0
11100,0.0
19106,0.0
8330,0.0
9948,0.0
9878,0.0
1993,0.0
13981,0.0
3230,0.0
15625,0.0
12653,1.0
16807,0.0
2424,0.0
18601,1.0
3180,0.0
13007,0.0
3324,0.0
8,0.0
13135,0.0
10770,0.0
16459,0.0
7357,0.0
8506,0.0
4055,1.0
1131,1.0
6763,0.0
6220,0.0
18531,0.0
16043,0.0
3078,0.0
12822,0.0
2954,0.0
18568,0.0
8021,0.0
7630,0.0
15512,0.0
11823,0.0
14631,0.0
6986,0.0
7672,0.0
19155,0.0
10093,0.0
7523,0.0
6512,0.0
2027,1.0
3024,0.0
14478,0.0
2249,0.0
10753,0.0
2785,0.0
10202,0.0
18274,0.0
1204,0.0
9254,1.0
8673,0.0
822,0.0
6234,0.0
144,0.0
3279,0.0
16768,0.0
5659,0.0
15699,0.0
5027,0.0
15619,0.0
10643,0.0
512,1.0
13908,0.0
19129,0.0
1793,0.0
13152,0.0
13073,0.0
8044,0.0
1706,0.0
1392,1.0
6584,1.0
8153,0.0
2787,0.0
8367,0.0
10608,0.0
14463,0.0
8987,1.0
5030,0.0
5900,0.0
1035,0.0
8038,0.0
29,1.0
9505,0.0
11361,1.0
11153,0.0
286,0.0
9930,1.0
11499,1.0
18702,0.0
723,0.0
3483,0.0
11907,0.0
2120,0.0
15004,0.0
11190,0.0
12484,0.0
6812,0.0
4099,0.0
8342,0.0
18401,0.0
7190,0.0
3251,0.0
11784,0.0
7634,0.0
10410,0.0
1871,0.0
7667,0.0
16284,0.0
1362,0.0
10762,0.0
17856,0.0
8453,0.0
6652,0.0
18929,0.0
6219,0.0
2733,1.0
3725,0.0
3137,0.0
6342,0.0
12968,0.0
8523,0.0
2952,0.0
11373,0.0
16100,0.0
1222,0.0
17456,0.0
2756,1.0
11048,1.0
7197,0.0
6713,0.0
8871,0.0
12919,1.0
13207,1.0
8468,0.0
12326,0.0
15693,1.0
1228,0.0
14513,0.0
15292,0.0
6317,1.0
11273,0.0
8870,0.0
9059,0.0
7047,0.0
17322,0.0
10945,0.0
11850,0.0
2412,0.0
1774,0.0
9318,1.0
969,0.0
3729,0.0
1449,1.0
14874,0.0
18418,0.0
19070,0.0
8805,0.0
68,0.0
6277,0.0
680,0.0
9328,0.0
10855,0.0
71,1.0
17482,0.0
8545,0.0
4893,0.0
12020,0.0
11193,0.0
11641,0.0
15944,1.0
15734,0.0
17566,0.0
14863,0.0
7993,0.0
16263,0.0
13536,0.0
5562,0.0
14762,1.0
8458,0.0
11483,0.0
2041,1.0
4368,0.0
2803,0.0
8028,0.0
1704,0.0
10986,0.0
9379,0.0
6886,1.0
6201,0.0
2366,0.0
9331,0.0
6694,0.0
1928,0.0
12214,0.0
5813,0.0
15752,0.0
6299,0.0
12676,0.0
18901,1.0
12405,0.0
15328,0.0
206,0.0
3186,0.0
8656,0.0
9337,1.0
3093,0.0
418,0.0
9932,0.0
5845,0.0
14293,0.0
16655,0.0
15624,0.0
2907,1.0
12065,0.0
6658,0.0
15394,1.0
12561,0.0
2134,0.0
17212,0.0
14001,0.0
927,0.0
11969,0.0
15875,0.0
4056,0.0
14795,1.0
11478,0.0
407,0.0
11282,0.0
1829,0.0
14193,0.0
14103,0.0
18463,0.0
2990,1.0
10899,0.0
10355,0.0
4664,0.0
12100,1.0
16132,0.0
6072,0.0
2998,0.0
13924,0.0
1113,0.0
4169,0.0
5746,0.0
14312,0.0
12716,0.0
8699,0.0
9305,0.0
5433,1.0
7503,0.0
5648,0.0
4040,0.0
1398,0.0
4343,0.0
4765,0.0
1917,1.0
12735,0.0
5645,0.0
18398,0.0
15290,0.0
10950,0.0
6373,0.0
18280,0.0
18000,0.0
7434,0.0
9277,0.0
11044,0.0
16799,1.0
6887,0.0
3201,0.0
17622,1.0
5852,0.0
1553,0.0
18786,0.0
13633,0.0
6731,0.0
15993,0.0
9977,0.0
5123,0.0
15803,0.0
17702,0.0
2953,0.0
10343,0.0
14174,1.0
261,0.0
18594,0.0
13117,0.0
1068,1.0
7107,0.0
15147,0.0
10983,0.0
2434,0.0
9710,0.0
15732,0.0
2225,0.0
3355,0.0
16544,0.0
5180,1.0
16434,1.0
15841,1.0
4939,0.0
18505,1.0
15533,0.0
14595,0.0
6996,0.0
5307,0.0
4629,0.0
2779,0.0
7991,0.0
16002,0.0
1724,0.0
2775,0.0
2093,0.0
15431,1.0
331,0.0
5073,0.0
7387,1.0
8726,0.0
5235,1.0
13848,0.0
11286,1.0
9796,0.0
993,1.0
13384,0.0
1787,0.0
5090,1.0
12294,0.0
6802,0.0
6129,0.0
17481,0.0
2197,1.0
5278,0.0
17684,0.0
13238,0.0
743,0.0
636,1.0
16199,0.0
11734,0.0
3765,0.0
15411,0.0
4640,0.0
1147,0.0
13725,0.0
6565,0.0
12746,0.0
9269,0.0
5254,0.0
659,0.0
14255,0.0
8569,1.0
5457,0.0
9685,0.0
14435,0.0
16592,0.0
634,1.0
2109,0.0
5625,0.0
4807,0.0
8124,0.0
2975,0.0
17504,0.0
7741,0.0
13868,0.0
17695,0.0
3962,0.0
17950,0.0
16827,0.0
12422,0.0
6086,0.0
13120,0.0
17669,0.0
12957,0.0
9506,0.0
17198,0.0
14744,0.0
13694,0.0
6640,0.0
15085,1.0
18737,0.0
17016,1.0
4855,0.0
8469,0.0
3579,1.0
18620,0.0
8461,0.0
211,1.0
3643,0.0
775,1.0
11662,1.0
9424,0.0
10240,1.0
17162,0.0
3779,0.0
10508,0.0
4490,0.0
11144,1.0
688,0.0
9919,0.0
8204,0.0
4719,0.0
5284,0.0
1138,0.0
7364,0.0
11403,0.0
13248,0.0
17787,0.0
14593,0.0
13710,0.0
5046,0.0
2006,0.0
4675,0.0
8633,1.0
6116,0.0
10836,0.0
11371,0.0
14389,1.0
5260,0.0
6501,1.0
2549,0.0
3591,0.0
14072,0.0
8702,0.0
3010,0.0
5558,0.0
12784,0.0
16356,0.0
16001,0.0
9958,1.0
5314,0.0
7422,0.0
3824,1.0
905,0.0
7061,1.0
13577,0.0
12814,0.0
4136,0.0
13517,0.0
9079,1.0
833,0.0
10097,0.0
3415,0.0
15372,1.0
14844,0.0
7378,0.0
4121,0.0
2945,0.0
3091,0.0
314,0.0
318,0.0
16058,0.0
10556,0.0
16091,0.0
4103,0.0
724,0.0
15761,0.0
4727,1.0
19026,0.0
14233,1.0
11978,1.0
18333,0.0
8796,0.0
7224,0.0
3645,0.0
9272,0.0
14988,0.0
4314,0.0
4440,1.0
8220,1.0
12467,0.0
18290,0.0
9621,0.0
2682,0.0
8063,0.0
14664,0.0
13949,0.0
13639,0.0
3712,0.0
487,0.0
5639,0.0
11345,1.0
6766,0.0
11547,0.0
8981,0.0
11301,0.0
7992,0.0
1409,1.0
13708,1.0
9248,0.0
14124,1.0
5117,0.0
2707,0.0
6164,0.0
6275,0.0
3630,0.0
2607,0.0
5105,0.0
16654,0.0
15588,0.0
15731,1.0
10155,0.0
4530,1.0
15166,0.0
14843,0.0
12009,0.0
3205,0.0
12913,0.0
16114,0.0
958,0.0
18741,0.0
3898,0.0
15101,0.0
19116,0.0
5853,0.0
15550,0.0
18951,0.0
11307,0.0
17286,0.0
18987,0.0
16092,0.0
6246,0.0
13750,0.0
7876,1.0
2869,0.0
5864,0.0
9060,0.0
18172,0.0
17640,0.0
2462,0.0
2637,0.0
9581,1.0
2983,0.0
12180,0.0
8867,0.0
4782,0.0
12789,0.0
1588,0.0
12873,0.0
5614,1.0
11664,0.0
6145,0.0
6520,0.0
9843,0.0
7427,0.0
11617,0.0
10830,0.0
1020,0.0
6108,0.0
13047,0.0
12685,0.0
13191,0.0
9421,0.0
14455,0.0
14241,0.0
139,0.0
3350,0.0
18127,0.0
6738,0.0
10656,0.0
4373,1.0
75,0.0
16992,0.0
6880,0.0
8517,0.0
5768,0.0
9314,0.0
4638,1.0
10027,0.0
10704,0.0
15080,0.0
8838,0.0
2571,0.0
13302,0.0
9635,0.0
11125,1.0
10094,0.0
4948,0.0
14077,0.0
15772,1.0
5261,0.0
4901,0.0
11651,0.0
18595,0.0
5206,0.0
6676,0.0
3126,0.0
8862,0.0
8721,0.0
4386,0.0
17377,0.0
7880,0.0
9791,0.0
11006,1.0
5518,0.0
8443,0.0
1944,0.0
30,0.0
2643,0.0
17394,0.0
2284,0.0
73,0.0
14141,0.0
12481,0.0
7736,1.0
9380,0.0
411,0.0
936,1.0
17584,0.0
18064,0.0
6515,0.0
16909,0.0
2981,0.0
12991,0.0
7861,1.0
7259,1.0
14263,0.0
16087,0.0
10393,0.0
2328,0.0
17981,1.0
10639,0.0
12725,1.0
10977,0.0
12888,0.0
2640,0.0
18636,0.0
18311,1.0
2379,0.0
10367,0.0
12541,0.0
8640,0.0
15476,0.0
12166,0.0
17192,1.0
7854,0.0
10848,0.0
900,0.0
10604,0.0
10627,0.0
17871,0.0
5255,1.0
15191,0.0
8229,0.0
16998,0.0
15186,0.0
9206,0.0
18728,1.0
15980,1.0
7954,0.0
18812,0.0
8356,0.0
13813,0.0
14900,0.0
7651,0.0
9816,0.0
3639,0.0
10239,0.0
6307,0.0
11875,1.0
7533,1.0
7171,0.0
17282,1.0
16288,1.0
18948,0.0
18399,0.0
12124,0.0
12666,0.0
10059,0.0
2612,0.0
1712,0.0
18743,0.0
12793,1.0
1760,0.0
3567,1.0
18684,0.0
14949,0.0
13821,0.0
13587,0.0
6937,0.0
16636,1.0
15496,1.0
8524,0.0
14781,0.0
6545,0.0
17314,0.0
16318,0.0
17920,0.0
14157,1.0
157,0.0
14491,0.0
3990,0.0
9832,0.0
14779,0.0
4773,0.0
16622,1.0
17688,0.0
17087,0.0
11723,0.0
991,0.0
11673,0.0
8513,0.0
2701,1.0
4079,0.0
8916,0.0
9242,0.0
10391,0.0
7108,0.0
3210,0.0
4971,0.0
14234,0.0
11655,1.0
15043,0.0
2165,0.0
5818,0.0
13162,0.0
1606,0.0
17124,1.0
14499,0.0
16064,0.0
14537,0.0
12136,0.0
4777,0.0
5661,0.0
1821,0.0
18703,1.0
15937,0.0
14704,1.0
16732,1.0
2092,0.0
5398,0.0
3738,1.0
4413,0.0
13448,0.0
1118,0.0
8641,1.0
15701,0.0
16591,0.0
2482,0.0
17507,0.0
12563,0.0
7395,0.0
9620,1.0
10801,1.0
91,0.0
6330,0.0
16279,1.0
17451,0.0
12098,0.0
5836,0.0
18672,0.0
16669,0.0
405,0.0
8723,0.0
269,0.0
8208,0.0
5941,0.0
7604,1.0
5234,0.0
18502,0.0
15033,0.0
16235,0.0
13265,0.0
4331,0.0
18793,0.0
9712,1.0
17820,0.0
3484,0.0
7194,0.0
5729,0.0
11425,0.0
9149,1.0
8002,0.0
8488,0.0
3149,0.0
17592,0.0
11936,0.0
2252,0.0
18415,0.0
12217,0.0
3442,0.0
1749,0.0
8365,0.0
15907,0.0
8504,0.0
15903,0.0
5264,0.0
1140,0.0
15009,0.0
11292,0.0
8581,1.0
337,0.0
8092,0.0
10450,0.0
344,0.0
5894,0.0
1947,0.0
14799,0.0
52,0.0
12718,0.0
3342,0.0
491,0.0
13239,0.0
8774,0.0
16445,0.0
12665,0.0
834,0.0
5481,0.0
16134,0.0
16025,1.0
14720,0.0
3474,0.0
14506,0.0
921,0.0
16026,1.0
3988,1.0
5692,0.0
96,0.0
14444,1.0
4306,0.0
5118,0.0
12947,1.0
4048,1.0
17807,0.0
13485,1.0
2004,1.0
18362,0.0
858,0.0
14203,0.0
6794,0.0
9334,0.0
1291,1.0
8818,1.0
15763,0.0
5740,0.0
15748,0.0
9976,0.0
2644,0.0
7393,0.0
12309,1.0
12253,1.0
13889,1.0
356,0.0
12069,0.0
10469,0.0
14789,0.0
14339,0.0
11765,0.0
4984,0.0
8745,1.0
9310,0.0
1805,0.0
6751,1.0
5800,0.0
16579,0.0
18984,1.0
5544,0.0
6427,0.0
1439,1.0
6227,0.0
621,0.0
18717,0.0
15079,0.0
4016,0.0
9851,1.0
5093,0.0
3501,0.0
16919,0.0
14529,0.0
9822,0.0
16013,0.0
7026,0.0
14231,0.0
14471,1.0
4758,0.0
2162,0.0
17501,0.0
12515,0.0
8919,1.0
14688,0.0
4423,0.0
10249,1.0
15189,0.0
7468,0.0
13548,1.0
8995,0.0
12714,0.0
2054,0.0
15418,0.0
11630,0.0
18109,1.0
6254,0.0
1517,0.0
15070,0.0
14401,0.0
33,0.0
8450,0.0
5537,0.0
3046,0.0
14985,0.0
11180,0.0
10692,0.0
1673,0.0
7714,1.0
10103,1.0
11597,0.0
3503,0.0
16480,0.0
7856,0.0
5404,1.0
14909,0.0
16522,0.0
2409,0.0
7036,1.0
6735,0.0
11694,0.0
10866,0.0
4001,1.0
8001,0.0
1270,0.0
18028,0.0
13521,0.0
6380,1.0
3880,0.0
9945,0.0
7796,0.0
304,0.0
16129,0.0
1989,1.0
3996,0.0
9979,1.0
11466,0.0
11209,0.0
4873,0.0
5777,0.0
1448,0.0
9688,0.0
5763,0.0
16302,0.0
12697,0.0
14012,0.0
5786,0.0
19089,0.0
12664,0.0
6494,0.0
6823,0.0
18964,0.0
15960,0.0
11542,0.0
18490,0.0
7286,0.0
5288,0.0
16653,0.0
14017,1.0
5502,0.0
12457,0.0
13304,0.0
9841,0.0
11337,0.0
1083,0.0
14521,0.0
17795,0.0
973,0.0
5505,0.0
103,0.0
5323,0.0
6152,1.0
10963,0.0
4321,0.0
17650,1.0
6835,0.0
7499,0.0
18240,0.0
11816,0.0
6117,1.0
3511,0.0
10299,1.0
1640,0.0
17644,0.0
7318,0.0
12840,0.0
9322,0.0
13316,0.0
8439,0.0
18191,0.0
9141,0.0
5247,0.0
147,0.0
7193,0.0
7287,0.0
8053,0.0
13310,0.0
15433,0.0
7484,0.0
2969,1.0
1207,1.0
17608,0.0
11955,0.0
4780,0.0
499,1.0
2009,0.0
182,0.0
1224,0.0
4301,0.0
11069,1.0
8070,0.0
5491,0.0
9563,0.0
11094,0.0
17089,0.0
2922,0.0
7033,0.0
10173,0.0
9600,0.0
3848,0.0
8922,1.0
17541,0.0
6805,0.0
340,0.0
6900,1.0
8668,0.0
4225,0.0
4810,0.0
2220,0.0
16785,0.0
7653,1.0
14191,0.0
14342,0.0
10775,0.0
2181,0.0
4362,0.0
7355,0.0
5080,0.0
8880,0.0
16602,0.0
13405,0.0
355,1.0
13567,0.0
6140,0.0
16568,0.0
7936,0.0
10377,1.0
12192,0.0
7132,0.0
1275,0.0
15370,0.0
3597,0.0
2297,0.0
17703,0.0
7464,1.0
17609,0.0
5936,0.0
6938,0.0
13352,0.0
8878,0.0
14898,0.0
1268,1.0
14257,0.0
434,0.0
6130,0.0
839,1.0
11252,0.0
16387,0.0
18729,0.0
7800,0.0
16832,0.0
7715,0.0
15363,0.0
2114,0.0
17951,0.0
14772,0.0
6696,1.0
8738,0.0
16632,0.0
6425,0.0
2035,0.0
15119,0.0
3596,0.0
14814,0.0
18630,0.0
13743,0.0
13156,0.0
9213,0.0
17834,0.0
16829,1.0
8914,0.0
16720,0.0
7274,0.0
16171,0.0
6079,0.0
16857,0.0
12904,0.0
12679,0.0
11610,1.0
17058,0.0
12479,0.0
11462,0.0
5276,1.0
2864,1.0
14718,0.0
17257,0.0
841,1.0
9426,0.0
15621,0.0
8604,0.0
6211,0.0
5189,0.0
13902,0.0
18884,0.0
16790,0.0
13533,0.0
15382,0.0
17318,1.0
18629,0.0
4090,0.0
6261,0.0
11703,1.0
5506,0.0
8013,1.0
14788,0.0
2819,0.0
10526,0.0
13128,0.0
498,0.0
2610,0.0
17632,0.0
4549,0.0
9696,0.0
19130,1.0
6784,0.0
10397,1.0
14326,0.0
8169,0.0
2258,0.0
16124,1.0
7089,1.0
3507,0.0
11997,0.0
7527,0.0
9312,0.0
399,0.0
8897,1.0
8927,0.0
15665,0.0
15122,0.0
17837,0.0
420,0.0
8669,0.0
13169,0.0
15571,0.0
2605,1.0
11751,1.0
13499,0.0
15994,1.0
5583,0.0
16728,0.0
10754,1.0
13875,0.0
6585,0.0
3269,1.0
34,0.0
16265,0.0
567,0.0
4704,0.0
186,1.0
7498,0.0
17299,0.0
13643,0.0
10940,0.0
8835,0.0
18707,1.0
16913,0.0
14413,0.0
447,0.0
7001,0.0
11120,1.0
7342,0.0
6798,0.0
7000,0.0
5204,1.0
7571,1.0
8360,0.0
8127,0.0
6066,0.0
7710,1.0
13922,0.0
982,0.0
7137,0.0
663,0.0
2795,1.0
8174,0.0
3787,0.0
5294,0.0
17308,1.0
6183,1.0
14747,1.0
5111,0.0
18001,1.0
1967,0.0
7043,0.0
17142,0.0
12351,0.0
9396,0.0
10247,0.0
11489,0.0
11565,0.0
17375,0.0
10748,0.0
5863,0.0
4977,0.0
17430,0.0
14651,1.0
12658,0.0
10860,0.0
9616,1.0
1465,0.0
17150,0.0
7884,0.0
7126,0.0
9479,0.0
2357,0.0
7937,0.0
16946,0.0
2590,0.0
15735,0.0
128,0.0
2427,0.0
6797,0.0
4157,0.0
14088,0.0
18665,1.0
9040,0.0
18945,0.0
5991,0.0
2531,0.0
9678,1.0
7514,0.0
16635,0.0
5617,1.0
13733,0.0
4167,1.0
2996,0.0
13727,0.0
566,0.0
9039,0.0
12776,0.0
3536,0.0
6479,0.0
14082,0.0
2059,0.0
10307,0.0
7789,1.0
3612,0.0
4618,1.0
5183,0.0
8214,0.0
7778,1.0
349,0.0
3053,0.0
689,0.0
15664,0.0
19058,0.0
17557,0.0
911,0.0
14288,0.0
2378,0.0
17105,0.0
1933,0.0
12230,0.0
15869,0.0
11661,0.0
1770,0.0
227,0.0
15823,0.0
912,0.0
17270,1.0
7706,0.0
3382,0.0
12436,0.0
1212,0.0
2506,1.0
8023,0.0
15331,0.0
2148,0.0
2198,0.0
11207,0.0
4750,0.0
770,0.0
17942,0.0
5915,1.0
11083,0.0
2335,0.0
7691,1.0
17911,0.0
